ID,Y,X
1012050432,25.118307,121.53647
1012079099,25.039152,121.56508
1012136098,25.115131,121.62859
1012246196,25.043783,121.53699
1022031088,25.032322,121.50173
1022091911,25.000229,121.541306
1022193823,25.037426,121.545105
1022208450,25.210304,121.66594
1032082707,25.042559,121.57114
1032146140,25.002941,121.600044
1042036009,25.052937,121.557655
