ID,Y,X
1032098958,25.12416,121.525955
