ID,Y,X
1012212627,25.210304,121.66594
