ID,Y,X
1022083972,25.088623,121.56004
