ID,Y,X
1012082911,25.02672,121.54671
1032195221,25.05646,121.617905
1042017671,25.075964,121.58008
