ID,Y,X
1012140342,25.002975,121.59139
