{
   "KMAE":[
      121.475876,
      25.124477
   ],
   "KSJC":[
      121.54874,
      25.05943
      
   ],
   "KMCE":[
      121.5954,
      25.05005
   ],
   "KMER":[
      121.543785,
      25.039865
   ],
   "KAPC":[
      121.513466,
      25.048605
   ],
   "KSUU":[
      121.53847,
      25.071203
   ],
   
   "KLVK":[
      121.57868,
      25.052917
   ]
}